Window Size,Throughput 5ms,Throughput 50ms,Throughput 150ms
1,94.35017812,107.4685087,100.9799346
2,197.4539277,215.8471208,221.1892222
4,199.9405647,487.3259818,463.7314294
8,767.8567491,872.955424,819.1073065
16,1179.471233,793.8690829,837.5810007
32,1181.558083,722.6346507,738.6165096
64,929.6285801,699.267228,705.0580244
128,849.0447248,670.8865669,673.3986991
256,732.5183714,546.9069255,568.5083336
